8214008 ,USM00070219
6350432 ,USM00070398
6166336 ,USM00070273
6056344 ,USM00070361
5973200 ,USM00070308
5237376 ,USM00070200
4712768 ,USM00072363
4403816 ,USM00070231
3975168 ,USM00070350
3372176 ,SVM00001028
2654096 ,USM00070261
2010784 ,BDM00078016
1915752 ,USM00070026
1886256 ,USM00072764
1878296 ,USM00072797
1753384 ,USM00091165
1737832 ,USM00072562
1736984 ,USM00072528
1623648 ,USM00072520
1480896 ,USM00072240
1476976 ,USM00072597
1407248 ,EIM00003953
1399216 ,UKM00003808
1367064 ,UKM00003005
1344296 ,USM00072365
1321848 ,ASM00094120
1303656 ,PSM00091408
1275344 ,ASM00094294
1263328 ,USM00072493
1221536 ,USM00072662
1214664 ,USM00072327
1205280 ,USM00072250
1202544 ,USM00072572
1180408 ,USM00072712
1173480 ,USM00072210
1167088 ,USM00072208
1163720 ,USM00072558
1152192 ,USM00072451
1148248 ,GMM00010393
1147616 ,USM00072469
1135992 ,USM00070133
1133032 ,ASM00094610
1127216 ,USM00072456
1126216 ,USM00072518
1121488 ,USM00072364
1090832 ,ASM00094672
1087704 ,USM00072317
1078640 ,USM00072681
1061808 ,RQM00078526
1061416 ,USM00091285
1059984 ,FMM00091348
1037088 ,CAM00071836
1017784 ,HKM00045004
1014752 ,SNM00048698
1003960 ,USM00072235
 995496 ,USM00072201
 984984 ,USM00072786
 976528 ,USM00072645
 973176 ,USM00072274
 971184 ,USM00072293
 969488 ,ASM00094578
 967288 ,ASM00094403
 961568 ,USM00074389
 952096 ,INM00042339
 947928 ,CAM00071119
 947424 ,MYM00048601
 946552 ,ASM00094510
 945704 ,USM00072747
 942480 ,USM00072476
 941112 ,ASM00094203
 936600 ,FMM00091413
 928952 ,RMM00091376
 927296 ,GQM00091212
 926416 ,SZM00006610
 914816 ,ASM00094461
 914680 ,USM00072768
 906224 ,JAM00047945
 905416 ,INM00043371
 894112 ,AQM00091765
 890016 ,ASM00094910
 886872 ,USM00072403
 884440 ,ASM00094998
 877864 ,FMM00091334
 874712 ,ASM00094776
 874552 ,MYM00048615
 865088 ,ASM00094299
 862392 ,ASM00094326
 859768 ,ASM00094637
 859248 ,INM00043128
 853336 ,MYM00096441
 845176 ,ASM00094995
 840128 ,USM00072202
 838232 ,ASM00094975
 837608 ,NGM00061052
 835896 ,AUM00011035
 835704 ,MYM00096471
 829984 ,USM00072776
 828992 ,MYM00096413
 822680 ,USM00072265
 818368 ,USM00072402
 809920 ,AYM00089571
 808048 ,INM00043333
 807576 ,USM00070316
 806712 ,USM00072206
 804008 ,INM00043369
 800128 ,INM00043150
 798888 ,INM00043295
 798680 ,MYM00048657
 796560 ,THM00048568
 792968 ,ASM00094312
 789360 ,INM00042971
 789200 ,UKM00003238
 785568 ,ASM00094659
 779976 ,GIM00008495
 776360 ,NFM00094996
 776096 ,USM00072340
 771792 ,NZM00093844
 769720 ,USM00072489
 768592 ,IDM00096163
 766392 ,USM00072249
 758600 ,INM00042647
 740736 ,CAM00071816
 723216 ,INM00042369
 713064 ,FOM00006011
 713048 ,USM00072261
 707992 ,KSM00047122
 687624 ,ASM00094653
 687288 ,INM00043279
 681936 ,ASM00094430
 681512 ,THM00048327
 674544 ,ISM00040179
 671200 ,USM00072248
 671136 ,GMM00010184
 669976 ,GMM00010739
 666320 ,ASM00094821
 662120 ,CAM00071815
 657232 ,SGM00061641
 654256 ,INM00042667
 649792 ,USM00072694
 642056 ,USM00072734
 641808 ,GMM00010618
 639632 ,ROM00015420
 637016 ,NLM00006260
 636912 ,USM00074794
 636288 ,POM00008508
 635704 ,ASM00094767
 635680 ,PPM00092035
 630832 ,ASM00094711
 628536 ,CAM00071917
 627016 ,JAM00047909
 626560 ,USM00072374
 623312 ,ASM00094374
 623088 ,INM00042809
 621656 ,CAM00071924
 617784 ,GMM00010035
 617008 ,EZM00011520
 614808 ,JAM00047401
 611928 ,GLM00004360
 611704 ,JAM00047412
 607952 ,ASM00094638
 606560 ,JNM00001001
 606464 ,CAM00071722
 604736 ,INM00042361
 601784 ,INM00043185
 601200 ,THM00048407
 601136 ,JAM00047807
 597536 ,JAM00047646
 595536 ,INM00042182
 594880 ,ITM00016080
 594280 ,USM00072251
 593160 ,ITM00016320
 592360 ,CAM00071913
 587912 ,THM00048565
 584632 ,CAM00071109
 582736 ,USM00072388
 581648 ,ITM00016044
 579432 ,FIM00002836
 574576 ,CAM00071909
 572824 ,USM00072393
 572208 ,GMM00010548
 572064 ,GMM00010410
 570504 ,CAM00071964
 568032 ,PLM00012374
 566992 ,HUM00012843
 565960 ,CAM00071082
 565952 ,ASM00094802
 565144 ,FKM00088889
 561968 ,ASM00095527
 560384 ,INM00042724
 556400 ,CAM00071915
 555640 ,CAM00071081
 555392 ,JAM00047678
 555336 ,FRM00007510
 555272 ,RSM00023205
 554584 ,CAM00071867
 553592 ,JAM00047827
 553352 ,CAM00071043
 545640 ,JAM00047600
 544160 ,JAM00047778
 544064 ,CAM00071934
 542664 ,CAM00071906
 541632 ,JAM00047582
 541008 ,IDM00096749
 539096 ,CAM00071926
 539016 ,CAM00071945
 538352 ,ICM00004018
 535544 ,CAM00071811
 534080 ,INM00043346
 533432 ,JAM00047918
 532824 ,USM00072486
 531952 ,ARM00087576
 531816 ,IDM00096035
 529824 ,UCM00078988
 527632 ,GMM00010771
 527296 ,USM00072214
 526288 ,USM00072304
 525208 ,NOM00001415
 524880 ,GLM00004320
 524808 ,CAM00071907
 523120 ,MXM00076679
 520408 ,USM00074494
 517608 ,RSM00023472
 517104 ,UVM00065503
 512880 ,USM00072583
 511960 ,CAM00071600
 511344 ,UKM00003026
 509792 ,INM00043311
 505720 ,THM00048455
 502888 ,ITM00016429
 500752 ,WQM00091245
 500568 ,INM00042867
 498120 ,SAM00041024
 498024 ,IDM00096935
 497576 ,ASM00094302
 496280 ,GMM00010868
 496096 ,USM00074570
 495872 ,GLM00004270
 495208 ,CAM00071957
 495184 ,AGM00060390
 493264 ,USM00072582
 492440 ,IDM00097372
 487864 ,BXM00096315
 487528 ,FRM00007110
 487272 ,IDM00097180
 484096 ,FIM00002963
 483552 ,INM00042410
 483296 ,BUM00015614
 482120 ,ASM00094865
 481304 ,INM00043003
 479864 ,GMM00010238
 479856 ,INM00042314
 479616 ,AYM00089611
 478000 ,ITM00016560
 477592 ,UKM00003920
 473776 ,FJM00091680
 473344 ,UKM00003743
 471288 ,CKM00096996
 470216 ,USM00072440
 467824 ,KEM00063741
 467608 ,CAM00071925
 466416 ,GLM00004220
 466032 ,USM00072357
 459616 ,GMM00010200
 455560 ,RSM00026781
 454736 ,LOM00011952
 453960 ,JAM00047991
 451632 ,GRM00016716
 451120 ,CJM00078384
 450704 ,KZM00038064
 449216 ,ASM00094332
 448392 ,SWM00002365
 446584 ,IVM00065578
 442552 ,UKM00003496
 439944 ,RSM00029612
 432456 ,MXM00076644
 430216 ,USM00072221
 428408 ,PLM00012425
 428208 ,EGM00062414
 426616 ,MLM00061291
 423056 ,EGM00062378
 422032 ,ASM00094238
 421944 ,GLM00004202
 420288 ,USM00072425
 420000 ,RSM00028225
 417456 ,UKM00003882
 417400 ,FRM00007145
 417328 ,FIM00002935
 417192 ,RSM00031088
 415080 ,INM00043041
 413504 ,AGM00060571
 413120 ,SPM00008001
 412776 ,USM00072318
 411520 ,HRM00014240
 411000 ,KSM00047158
 409832 ,MYM00048650
 409032 ,CDM00064700
 408048 ,USM00072576
 406552 ,KSM00047138
 405352 ,ASM00094150
 403232 ,KZM00035394
 401480 ,ASM00094866
 399240 ,RMM00091366
 399008 ,INM00042101
 398840 ,INM00043014
 398744 ,AYM00089564
 398720 ,SEM00063985
 398592 ,SPM00008221
 396728 ,GLM00004339
 396360 ,USM00072233
 395752 ,LHM00026629
 395288 ,RSM00023884
 393176 ,RSM00024908
 390032 ,RSM00027707
 389144 ,SWM00002527
 388552 ,USM00072655
 388024 ,ARM00087155
 385592 ,SFM00068263
 382192 ,AMM00037789
 378576 ,CHM00054511
 377488 ,USM00072649
 376416 ,AYM00089009
 375712 ,RSM00026063
 375432 ,AGM00060680
 374888 ,SAM00040375
 373560 ,RSM00022820
 373464 ,USM00072654
 373232 ,INM00042027
 373216 ,KZM00035229
 372896 ,INM00042379
 371680 ,NNM00078866
 371592 ,POM00008579
 370432 ,IDM00097014
 369784 ,SFM00068816
 369064 ,PMM00078807
 368752 ,SHM00068906
 368672 ,NZM00093417
 366552 ,DRM00078486
 366320 ,TUM00017281
 365984 ,TUM00017220
 364944 ,ASM00094287
 364200 ,HUM00012982
 363768 ,TUM00017064
 363304 ,KZM00036872
 361720 ,ASM00094367
 361640 ,TUM00017130
 359152 ,NGM00061024
 358912 ,MXM00076692
 358872 ,IDM00097900
 358064 ,RSM00031977
 357800 ,IDM00097072
 357448 ,MXM00076458
 357120 ,ITM00016245
 356656 ,PLM00012120
 356040 ,TDM00078970
 355400 ,JMM00078397
 353096 ,ENM00026038
 352496 ,RSM00025703
 352328 ,EGM00062306
 351920 ,USM00072311
 351496 ,IDM00097724
 351240 ,RSM00027612
 350976 ,BBM00078954
 349520 ,KZM00028951
 348488 ,RSM00027459
 348112 ,IDM00096237
 347944 ,INM00043063
 347584 ,INM00042874
 346832 ,MAM00067083
 346712 ,USM00072532
 346712 ,ROM00015120
 345752 ,USM00074455
 344328 ,INM00042348
 344248 ,JAM00047590
 343920 ,RSM00027038
 343136 ,CEM00043466
 343048 ,AYM00089022
 342744 ,RSM00022543
 342264 ,NOM00001241
 340936 ,CAM00071801
 339368 ,AYM00089664
 338488 ,TUM00017030
 338472 ,MXM00076225
 336088 ,KZM00035700
 335496 ,DAM00006181
 334952 ,CHM00057083
 334880 ,RSM00026298
 332968 ,RSM00030230
 332600 ,JAM00047744
 328592 ,ARM00087344
 328480 ,SGM00061687
 327576 ,INM00042492
 327488 ,USM00072637
 327424 ,USM00072632
 325264 ,USM00072230
 324984 ,RSM00032150
 324472 ,RSM00027199
 324072 ,SAM00040430
 323856 ,BEM00006447
 323456 ,INM00043285
 323064 ,KUM00040582
 323032 ,AYM00089532
 322248 ,BOM00033008
 320912 ,RSM00023415
 318096 ,INM00043192
 318024 ,GRM00016754
 315816 ,CHM00059758
 315752 ,ASM00094791
 315240 ,SFM00068588
 315072 ,FRM00007645
 314128 ,JAM00047420
 313584 ,CHM00057494
 312256 ,TUM00017240
 311152 ,FRM00007761
 311000 ,RSM00022217
 310976 ,RSM00032540
 310680 ,USM00072501
 310416 ,SFM00068994
 309784 ,USM00072305
 308896 ,RSM00025123
 306696 ,MYM00096481
 305856 ,RSM00034731
 305832 ,TWM00058968
 304256 ,VMM00048900
 302824 ,RSM00026477
 302584 ,CWM00091843
 301912 ,AGM00060630
 301416 ,USM00072426
 300440 ,CHM00054342
 299848 ,IDM00096253
 299272 ,TSM00060715
 298816 ,RSM00030758
 298416 ,NOM00001152
 297272 ,RSM00032389
 296872 ,UKM00003502
 296176 ,TXM00038507
 296112 ,SAM00040437
 295896 ,RSM00031736
 295776 ,RSM00025913
 295512 ,ASM00094300
 295464 ,LGM00026422
 295376 ,RSM00024959
 294560 ,USM00072376
 294392 ,USM00072387
 293072 ,RSM00028445
 292504 ,RSM00022113
 291912 ,RSM00023802
 291808 ,SFM00068842
 291240 ,RSM00034858
 291072 ,RSM00028698
 290960 ,BOM00033041
 289728 ,RSM00032061
 289576 ,MXM00076256
 289432 ,ARM00087860
 289392 ,BRM00083971
 287680 ,CHM00053845
 287352 ,USM00072381
 287344 ,MAM00067197
 286264 ,JAM00047971
 285112 ,NZM00093997
 284888 ,IDM00097560
 284640 ,SAM00040373
 284416 ,UKM00003322
 284216 ,RSM00035121
 284024 ,VMM00048820
 283880 ,MXM00076394
 283752 ,USM00072353
 282832 ,RSM00037055
 281224 ,SPM00008302
 280768 ,RSM00031510
 280720 ,RSM00024507
 280584 ,RSM00031873
 280104 ,AEM00041217
 279776 ,RSM00024125
 279560 ,ASM00094750
 279288 ,RSM00022522
 279112 ,RSM00024266
 278888 ,SWM00002185
 278752 ,USM00070414
 277240 ,RSM00028722
 276768 ,ASM00094693
 276480 ,RSM00030054
 276424 ,RSM00025954
 276368 ,PKM00041780
 276144 ,RSM00020292
 274488 ,JAM00047936
 274064 ,RSM00021824
 273496 ,UKM00003354
 273120 ,RSM00034467
 272952 ,RSM00034172
 271152 ,JAM00047580
 270704 ,RSM00030935
 269936 ,RSM00027595
 269904 ,USM00074560
 269824 ,BRM00083746
 268536 ,BGM00041923
 268360 ,RSM00034009
 268120 ,BNM00065344
 268064 ,CAM00071823
 267928 ,CMM00064910
 267504 ,RSM00029634
 266600 ,RSM00031004
 266440 ,USM00072659
 265592 ,RSM00027730
 265512 ,UKM00003774
 264680 ,CAM00071603
 264464 ,RSM00034882
 264384 ,CHM00057461
 264160 ,SHM00061901
 263792 ,RSM00031369
 263728 ,USM00072215
 263656 ,KZM00036003
 262688 ,RSM00024641
 261176 ,POM00008522
 258776 ,CIM00085442
 258560 ,USM00072213
 257680 ,BRM00083378
 257296 ,USM00072634
 257184 ,KZM00035671
 256664 ,RIM00013275
 256208 ,RSM00022271
 256160 ,MGM00044292
 255488 ,BGM00041883
 254448 ,MRM00061442
 252952 ,RSM00030965
 252288 ,RSM00029231
 252128 ,CHM00058238
 249792 ,RSM00030309
 249536 ,RSM00024726
 248392 ,RSM00030554
 248144 ,RSM00024343
 248024 ,RSM00026702
 247808 ,CAM00071203
 247664 ,FPM00091938
 247552 ,ARM00087715
 246928 ,NCM00091592
 246872 ,CYM00017607
 246040 ,USM00072672
 245632 ,SAM00040394
 245328 ,RSM00024944
 245056 ,WAM00068110
 243096 ,ARM00087623
 242872 ,THM00048354
 242736 ,CHM00051709
 242688 ,COM00080001
 242264 ,VMM00048855
 241832 ,ASM00094926
 241624 ,SFM00068424
 241584 ,CIM00085799
 241128 ,RSM00023955
 240680 ,IDM00096011
 240640 ,CHM00059431
 238360 ,MRM00061415
 238048 ,UKM00003170
 237104 ,RSM00037011
 236536 ,KRM00091610
 235440 ,CAM00071072
 234704 ,CHM00057679
 234672 ,BRM00082332
 234592 ,CHM00052681
 234584 ,GMM00010338
 232648 ,UPM00033345
 232480 ,KSM00047185
 232336 ,CHM00058362
 232192 ,CAM00071845
 232048 ,RSM00023921
 232040 ,PPM00092044
 231632 ,RSM00024688
 231144 ,CHM00057816
 230960 ,CHM00050527
 230840 ,RSM00029698
 229824 ,RSM00029263
 229120 ,RSM00023330
 228808 ,BGM00041977
 227704 ,CHM00053772
 227432 ,TSM00060760
 226088 ,BRM00083612
 225936 ,IDM00096805
 225504 ,TUM00017351
 224784 ,NZM00093112
 223592 ,JAM00047681
 223392 ,BRM00082599
 223072 ,RSM00020674
 222528 ,COM00080222
 222288 ,CHM00059265
 222208 ,MQM00091066
 221280 ,RSM00036096
 220208 ,UPM00034300
 219680 ,CFM00064400
 219504 ,CHM00056778
 219488 ,RSM00034122
 219112 ,ITM00016144
 218952 ,SFM00068442
 218800 ,ETM00063450
 217376 ,TWM00046734
 217264 ,RSM00023933
 216824 ,RSM00031300
 216424 ,UPM00033393
 215760 ,RSM00031168
 215192 ,GRM00016622
 214944 ,RSM00021432
 214288 ,CHM00055299
 214200 ,CHM00057127
 214176 ,RSM00022845
 213032 ,RSM00020046
 212960 ,RPM00098223
 212632 ,USM00072349
 212528 ,MLM00061223
 211464 ,RPM00098327
 211400 ,RSM00032618
 211304 ,GPM00078897
 211072 ,MOM00060155
 210768 ,SWM00002591
 210416 ,CHM00053463
 209928 ,RSM00029282
 209728 ,CTM00064650
 209568 ,CHM00052533
 209352 ,IDM00096685
 209048 ,CHM00053068
 208552 ,RSM00030673
 208528 ,CHM00054218
 208168 ,ASM00094646
 207496 ,KZM00038341
 207096 ,ROM00015480
 206944 ,CAM00071908
 206832 ,BHM00078583
 205608 ,IDM00096581
 205272 ,TVM00091643
 204680 ,RSM00034247
 204632 ,RSM00028661
 204392 ,TUM00017095
 204368 ,CHM00051463
 203944 ,FGM00081405
 203648 ,BPM00091517
 202440 ,IRM00040754
 201776 ,SPM00008023
 201656 ,IDM00096147
 201456 ,RSM00025400
 201128 ,RSM00028275
 201024 ,INM00043353
 200816 ,RSM00025563
 200720 ,UPM00033658
 198872 ,RSM00031538
 198824 ,JOM00040265
 198608 ,UPM00033837
 198152 ,RSM00029862
 198064 ,CIM00085543
 196752 ,USM00072260
 195872 ,SWM00002465
 195832 ,NOM00001384
 195248 ,USM00072247
 193328 ,RSM00026258
 193264 ,MXM00076654
 192840 ,RSM00020744
 192336 ,BOM00026850
 191760 ,IDM00097980
 191432 ,GMM00010486
 189472 ,ASM00094380
 189288 ,UZM00038457
 188232 ,CHM00058847
 188088 ,AFM00040948
 187584 ,KZM00036177
 187544 ,RSM00030372
 186536 ,RSM00029839
 184936 ,PEM00084628
 184736 ,RSM00030635
 184304 ,NZM00093986
 183904 ,USM00072203
 183040 ,RSM00032098
 182104 ,ASM00094212
 181904 ,BRM00082193
 181248 ,ASM00094907
 180816 ,MXM00076595
 180808 ,ARM00087418
 180376 ,GMM00010304
 179752 ,PKM00041640
 179288 ,RSM00025428
 178616 ,BRM00083840
 177432 ,CAM00071896
 177120 ,USM00070326
 174280 ,SPM00008430
 173752 ,BRM00082900
 173304 ,USM00074646
 173160 ,USM00072229
 173056 ,INM00042675
 172888 ,SAM00040417
 172456 ,FRM00007481
 171696 ,SPM00060020
 171560 ,UKM00003918
 170664 ,SPM00008160
 169136 ,BFM00078073
 169112 ,GMM00010384
 169088 ,SHM00061902
 167320 ,RSM00028900
 166688 ,RSM00032165
 165720 ,KZM00035796
 164192 ,RSM00023078
 163616 ,RSM00029574
 163144 ,RSM00023022
 162432 ,SAM00041112
 161856 ,RSM00032217
 161216 ,RSM00031770
 161056 ,RSM00031909
 160928 ,RSM00020891
 160624 ,UPM00033631
 159128 ,MGM00044373
 158512 ,KZM00035746
 157416 ,FPM00091925
 156000 ,TXM00038880
 155272 ,UPM00033946
 153848 ,RSM00025173
 153656 ,ASM00094170
 151936 ,TXM00038392
 151840 ,USM00070454
 151840 ,MPM00061995
 151632 ,BRM00083208
 151536 ,MGM00044231
 150128 ,BEM00006476
 149992 ,FPM00091958
 149680 ,ASM00094346
 148368 ,RPM00098646
 148232 ,INM00042111
 147776 ,RSM00022802
 147680 ,RSM00027962
 147672 ,FRM00007180
 147600 ,THM00048453
 147344 ,UPM00033317
 147272 ,TWM00046699
 147248 ,RSM00027944
 146968 ,UPM00033791
 146360 ,MXM00076405
 146224 ,GGM00037260
 145992 ,KZM00035108
 145480 ,ZIM00067774
 143568 ,RSM00031707
 142808 ,RSM00037259
 142784 ,MDM00033815
 141400 ,RSM00030710
 141328 ,JQM00091275
 140808 ,USM00072391
 140200 ,INM00042623
 140136 ,TXM00038687
 140008 ,FPM00091948
 139576 ,MGM00044212
 139240 ,USM00070086
 139200 ,REM00061980
 138528 ,RSM00025551
 138312 ,AJM00037985
 137952 ,ARM00087047
 137496 ,RSM00031561
 137360 ,TIM00038836
 136640 ,IRM00040745
 136512 ,USM00074486
 135528 ,BRM00083780
 135360 ,KSM00047169
 135208 ,BGM00041891
 134552 ,KGM00038353
 134032 ,RSM00021982
 133752 ,GMM00010954
 133632 ,MXM00076612
 133008 ,RSM00020353
 132736 ,RSM00032186
 131656 ,AYM00089592
 131640 ,ASM00094647
 131232 ,NZM00093780
 131064 ,RSM00021965
 130680 ,RSM00030521
 130248 ,CVM00008594
 129232 ,RSM00023552
 128584 ,INM00042701
 127472 ,CIM00085469
 127280 ,IDM00097430
 127152 ,RSM00021946
 127112 ,SFM00068174
 125968 ,IDM00096645
 125792 ,CHM00059663
 125752 ,RSM00021647
 125688 ,BRM00082400
 125264 ,IVM00065548
 125248 ,INM00042886
 124672 ,TXM00038750
 124632 ,NOM00001400
 123352 ,BRM00082965
 122456 ,CDM00064750
 122272 ,RSM00024817
 122104 ,BRM00083779
 121680 ,USM00072226
 121304 ,CHM00059948
 121200 ,BRM00083899
 120752 ,BRM00083362
 120176 ,CUM00078367
 120056 ,RSM00030692
 119560 ,JAM00047981
 119360 ,IRM00040766
 119288 ,UKM00003240
 119104 ,INM00042634
 119064 ,USM00072407
 118312 ,SPM00060018
 118240 ,IZM00040650
 118224 ,BRM00082824
 117816 ,USM00072385
 117664 ,BMM00048097
 117480 ,RSM00020069
 117256 ,CAM00071051
 116880 ,BRM00083827
 116256 ,KGM00038613
 114928 ,CHM00058027
 114864 ,CHM00057516
 114648 ,MUM00041256
 113656 ,BNM00065330
 113216 ,EGM00062337
 113160 ,ITM00016242
 111848 ,THM00048551
 111456 ,BRM00083566
 111368 ,KSM00047090
 110600 ,CHM00059211
 110472 ,CHM00052203
 110288 ,BRM00083650
 110288 ,AYM00089002
 109880 ,TEM00061976
 109608 ,BRM00082281
 109016 ,RSM00025822
 108960 ,USW00012906
 108688 ,CHM00051777
 108600 ,CHM00059316
 108496 ,KEM00063661
 108072 ,MZM00067341
 107824 ,USM00072232
 107672 ,BRM00082983
 107408 ,CIM00085934
 107024 ,BRM00082397
 106520 ,ACM00078861
 106432 ,RPM00098444
 106128 ,TWM00046750
 105824 ,ITM00016113
 105544 ,GGM00037549
 105192 ,NZM00093308
 105136 ,RSM00025399
 104880 ,CAM00071074
 104880 ,AGM00060490
 104784 ,RSM00020274
 104760 ,EZM00011747
 104600 ,CHM00057036
 104528 ,HOM00078501
 103824 ,CHM00057957
 103704 ,CHM00051431
 103576 ,CSM00078762
 103168 ,USM00074004
 103072 ,CHM00051644
 102928 ,PLM00012330
 102648 ,CHM00052418
 102120 ,HRM00014430
 100712 ,IDM00096509
  99952 ,RSM00021504
  99760 ,LYM00062010
  99760 ,CHM00051828
  99680 ,CIM00085586
  99632 ,MXM00076805
  99624 ,CMM00064870
  99560 ,INM00042397
  99464 ,SVM00020107
  99360 ,CHM00054857
  98736 ,TWM00046810
  98536 ,RPM00098618
  98416 ,TWM00046747
  97760 ,RSM00031329
  97376 ,IDM00097230
  97336 ,CHM00056964
  96480 ,CHM00054161
  96272 ,USM00072255
  96192 ,CHM00051076
  95896 ,SVM00001004
  95680 ,IOM00061967
  95504 ,PFM00059981
  95416 ,USM00072266
  95336 ,CHM00056294
  95080 ,MTM00016597
  94672 ,SFM00068512
  94400 ,LGM00026406
  94208 ,USM00072433
  93488 ,TIM00038954
  93232 ,THM00048480
  93176 ,MGM00044277
  92696 ,CHM00058606
  92672 ,GBM00064500
  92600 ,BRM00082022
  92520 ,NZM00093119
  92432 ,CHM00057972
  92072 ,RSM00025594
  91720 ,ASM00094175
  91104 ,CHM00053915
  91096 ,RSM00030715
  90992 ,BRM00082678
  90960 ,BRM00083229
  90944 ,FPM00091954
  90480 ,KRM00091701
  90480 ,BRM00083554
  90016 ,GMM00010437
  89976 ,RPM00098753
  89760 ,CHM00054823
  89672 ,FPM00091944
  89168 ,CFM00064458
  88936 ,BRM00083937
  88840 ,CHM00053614
  88160 ,SAM00040416
  87992 ,CHM00055591
  87880 ,FPM00091943
  87544 ,MVM00043599
  87312 ,IRM00040841
  87040 ,CAM00071115
  86960 ,CHM00059280
  86608 ,CHM00054662
  86520 ,KSM00047187
  86264 ,NZM00093291
  85744 ,BRM00083928
  85272 ,CHM00058633
  84976 ,RSM00025677
  84960 ,MLM00061202
  84408 ,IDM00097270
  84360 ,RSM00023146
  84320 ,IRM00040706
  84272 ,CHM00050953
  84248 ,MGM00044288
  83920 ,KRM00091492
  83832 ,AGM00060656
  83552 ,RSM00021358
  83360 ,AUM00011240
  83200 ,CHM00058203
  83032 ,CHM00057749
  82952 ,SFM00068461
  82840 ,CHM00052866
  82752 ,CHM00052267
  82304 ,NZM00093944
  82176 ,LEM00040100
  82104 ,MYM00048648
  81784 ,CHM00058725
  81760 ,IRM00040848
  81632 ,CHM00058150
  81528 ,CHM00052889
  81408 ,USM00072405
  81368 ,BRM00083768
  81216 ,BRM00083649
  80568 ,CHM00058457
  80568 ,ASM00094335
  80208 ,CAM00071802
  79888 ,ZZM00099019
  79872 ,CHM00059287
  79720 ,WAM00068312
  79680 ,INM00043049
  79368 ,THM00048431
  79256 ,MUM00041316
  79080 ,AYM00089512
  78752 ,USM00091182
  78752 ,CHM00057993
  78552 ,TKM00078118
  78472 ,EGM00062423
  78392 ,FSM00061996
  78296 ,MYM00048620
  78072 ,SAM00041114
  77792 ,KSM00047102
  77496 ,USM00072531
  77272 ,TOM00065387
  77056 ,USM00074612
  77000 ,CHM00059134
  76928 ,RSM00029572
  76640 ,THM00048378
  75936 ,PPM00094014
  75912 ,THM00048500
  75176 ,KNM00047058
  75152 ,AGM00060525
  75136 ,AUM00011010
  75080 ,CHM00057447
  74912 ,RSM00032477
  74840 ,BRM00082917
  74720 ,RSM00027995
  74656 ,CHM00052323
  73768 ,ASM00094968
  73688 ,MXM00076723
  73568 ,NRM00091532
  73504 ,CHM00054102
  73336 ,BRM00083525
  73280 ,BRM00082244
  73256 ,MXM00076526
  73208 ,IRM00040800
  73128 ,BRM00082705
  72936 ,JAM00047931
  72544 ,MGM00044259
  72400 ,SFM00068538
  72048 ,USM00072280
  72000 ,CHM00056739
  71984 ,NHM00091557
  71464 ,FSM00061998
  71344 ,SYM00040007
  71280 ,CHM00058424
  70832 ,IDM00097340
  70128 ,AUM00011120
  70104 ,GVM00061831
  69736 ,SPM00008301
  69520 ,GLM00004340
  69168 ,CHM00052818
  68856 ,QAM00041169
  68808 ,CAM00071701
  68760 ,SWM00002084
  68640 ,USM00072220
  67872 ,BRM00082532
  67296 ,AYM00089642
  67184 ,BRM00082099
  66520 ,BRM00082026
  66512 ,LYM00062053
  66424 ,GLM00004417
  66384 ,RPM00098433
  66368 ,MXM00076151
  66312 ,TZM00063894
  65912 ,BRM00082765
  65576 ,CAM00072848
  65320 ,CHM00056571
  65088 ,BRM00083288
  64792 ,UKM00003693
  64704 ,MYM00048647
  64640 ,CHM00054135
  64576 ,KZM00036859
  64528 ,NZM00093012
  64416 ,CHM00056691
  64344 ,GMM00010046
  64296 ,NZM00093614
  64232 ,IDM00097300
  64216 ,CHM00054727
  64088 ,YMM00041480
  64016 ,CHM00050557
  63984 ,PPM00094027
  63912 ,USM00072355
  63856 ,IDM00097502
  63752 ,CWM00091801
  62784 ,AGM00060360
  62712 ,CHM00054292
  62696 ,IDM00096295
  62616 ,IRM00040875
  62592 ,SPM00008190
  62504 ,IVM00065555
  62384 ,SUM00062721
  62040 ,AYM00089542
  61912 ,IDM00096221
  61840 ,CHM00056029
  61272 ,GMM00010866
  60912 ,IDM00096839
  60800 ,AYM00089055
  60640 ,BRM00082411
  60104 ,CAM00072826
  59824 ,CHM00052983
  59768 ,AGM00060566
  59480 ,CHM00053513
  59016 ,JAM00047418
  58848 ,USM00072389
  58808 ,BFM00078063
  58656 ,ZZM00099008
  58416 ,CHM00053798
  58296 ,RPM00098328
  57952 ,CHM00054374
  57928 ,IDM00097240
  57760 ,BRM00083498
  57392 ,SFM00068406
  57240 ,MYM00096491
  56744 ,CHM00056492
  56384 ,USM00074732
  56288 ,ZZM00099027
  56256 ,ZZM00099021
  55440 ,CHM00052836
  55432 ,CHM00056080
  55376 ,IDM00096109
  54992 ,MAM00067027
  54696 ,AYM00089062
  54224 ,USM00072273
  54200 ,ARM00087748
  54072 ,JAM00047741
  54000 ,MIM00067586
  53960 ,NHM00091558
  53936 ,TWM00046697
  53864 ,AGM00060620
  53856 ,CYM00017600
  53592 ,CHM00059644
  53360 ,GBM00064501
  53144 ,ITM00016546
  53128 ,CHM00056137
  52816 ,GMM00010113
  52704 ,CHM00056146
  52648 ,IDM00096633
  52520 ,CHM00056187
  52464 ,MIM00067693
  52224 ,INM00043201
  52128 ,ASM00094476
  52000 ,THM00048477
  51952 ,CHM00057178
  51880 ,IDM00096797
  51784 ,SWM00002225
  51752 ,CHM00057328
  51464 ,IDM00096009
  51432 ,USM00072435
  51184 ,PKM00041529
  51144 ,NGM00061090
  51072 ,CHM00051656
  50880 ,UVM00065510
  50520 ,UZM00038413
  50248 ,BCM00068240
  50200 ,GMM00010921
  50192 ,IDM00096791
  49960 ,LYM00062011
  49952 ,GMM00010828
  49880 ,CHM00056096
  49712 ,USM00074606
  49640 ,UZM00038927
  49592 ,BEM00006458
  49040 ,ZIM00067964
  48936 ,EGM00062403
  48896 ,RSM00032215
  48752 ,CHM00057245
  48432 ,USM00072506
  48304 ,KEM00063612
  48248 ,ZZM00099007
  48104 ,AGM00060611
  47864 ,USM00072269
  47352 ,IDM00096073
  47224 ,PKM00041675
  47168 ,USM00072698
  46888 ,LOM00011934
  46832 ,IDM00096925
  46672 ,USM00072534
  46416 ,CHM00050774
  46336 ,CHM00051243
  46264 ,AJM00037860
  46256 ,IDM00097260
  46232 ,ZAM00067666
  45872 ,SIM00014015
  45856 ,CYM00017609
  45776 ,RMM00091250
  45720 ,AYM00089001
  45688 ,COM00080398
  45416 ,MIM00067587
  45304 ,IDM00096091
  45144 ,TXM00038989
  45064 ,CHM00057131
  44768 ,GMM00010468
  44376 ,USM00074002
  44224 ,HOM00078720
  44184 ,USM00072253
  43912 ,SFM00068592
  43672 ,AGM00060549
  43512 ,USM00074005
  43488 ,PAM00086218
  43024 ,CHM00054337
  42904 ,BAM00040427
  42872 ,IRM00040809
  42856 ,ZAM00067663
  42336 ,SGM00061695
  42232 ,USM00072434
  42144 ,VMM00048845
  41936 ,USW00013874
  41896 ,SAM00040438
  41864 ,UGM00063705
  41736 ,MLM00061290
  41648 ,AGM00060590
  41496 ,ECM00084203
  40568 ,USW00013702
  40488 ,TSM00060750
  40440 ,IDM00097048
  40368 ,IRM00040811
  40320 ,USM00072445
  40320 ,CAM00071853
  40080 ,DAM00006060
  40024 ,VEM00080413
  40016 ,CHM00054401
  39784 ,SGM00061600
  39416 ,MOM00060250
  39304 ,CHM00056985
  38696 ,SYM00040080
  38312 ,KEM00063708
  38280 ,IDM00096987
  38272 ,RSM00020667
  38256 ,NGM00061075
  38216 ,USW00023183
  38208 ,KGM00036974
  38040 ,GMM00010962
  37976 ,USM00074724
  37344 ,USM00072308
  37240 ,RSM00024790
  37176 ,CHM00059023
  37160 ,USM00072295
  37032 ,IVM00065536
  36944 ,ZZM00099009
  36528 ,ZZM00099010
  36328 ,CHM00051133
  36056 ,USM00072450
  35944 ,CAM00072807
  35896 ,USW00014742
  35832 ,USW00013944
  35776 ,USM00072432
  35352 ,BRM00082107
  35272 ,WAM00068112
  35272 ,INM00042591
  35184 ,CHM00054497
  35016 ,USM00072798
  34976 ,USW00013802
  34880 ,IDM00096179
  34824 ,FRM00007480
  34712 ,CAM00071938
  34592 ,USM00072303
  34464 ,INM00043110
  34448 ,USXUA725185
  34328 ,IDM00096973
  34288 ,MAM00067095
  34184 ,USW00013893
  34000 ,USM00074626
  33816 ,AFM00040990
  33768 ,KNM00047041
  33672 ,CYM00017601
  33480 ,MLM00061226
  33456 ,CAM00071090
  33264 ,CHM00053543
  33200 ,CAM00071852
  33144 ,CHM00059096
  33128 ,USW00023152
  33032 ,CHM00058666
  32888 ,IDM00097748
  32760 ,MXM00076743
  32672 ,MYM00048602
  32664 ,KEM00063723
  32592 ,USW00013988
  32392 ,TWM00046780
  32264 ,AYM00089063
  32040 ,USM00072231
  32040 ,IDM00096195
  31936 ,IDM00097028
  31872 ,MLM00061265
  31568 ,RSM00025042
  31560 ,USW00023119
  31440 ,ASM00094305
  31416 ,EZM00011722
  31344 ,AOM00066160
  31144 ,RPM00098747
  31112 ,CHM00056651
  31048 ,USM00072438
  30896 ,AYM00089606
  30752 ,VEM00080447
  30664 ,PPM00094085
  30376 ,CHM00058665
  30224 ,COM00080035
  30152 ,ECM00084008
  30088 ,CFM00064450
  30016 ,USW00024264
  29912 ,FPM00091952
  29872 ,CAM00071877
  29480 ,USM00072509
  29472 ,USM00072688
  28968 ,IDM00097810
  28576 ,USM00091162
  28576 ,KEM00063671
  28440 ,BNM00065306
  28328 ,USW00013960
  28288 ,CHM00051288
  28120 ,CHM00056247
  28088 ,MZM00067237
  28088 ,BGM00041936
  28032 ,GTM00078641
  27952 ,NGM00061017
  27856 ,IDM00096171
  27816 ,AYM00089050
  27768 ,NOM00001010
  27688 ,UKM00003501
  27592 ,CUM00078355
  27552 ,CHM00053336
  27472 ,USM00072278
  27440 ,MGM00044354
  27392 ,BUM00015730
  27336 ,MVM00043555
  27224 ,USW00014923
  27128 ,GLM00004310
  27080 ,KZM00035361
  27056 ,RSM00036259
  27048 ,CHM00052495
  26816 ,USW00024027
  26696 ,AGM00060559
  26656 ,PKM00041661
  26600 ,BMM00048042
  26576 ,USM00072793
  26504 ,MOM00060119
  26456 ,IDM00096739
  26368 ,RSM00023274
  26312 ,AYM00089662
  26272 ,BFM00078076
  26192 ,IDM00096249
  26176 ,KSM00047110
  26096 ,MIM00067485
  25976 ,TSM00060769
  25736 ,USW00014821
  25600 ,INM00042475
  25584 ,IDM00097600
  25496 ,USW00093804
  25296 ,CUM00078325
  25288 ,CHM00056989
  25272 ,INM00042165
  25128 ,USW00014822
  25128 ,AFM00040913
  25080 ,USW00024234
  25056 ,USM00072564
  25000 ,IDM00096145
  24872 ,USM00072228
  24792 ,COM00080241
  24752 ,USM00091190
  24648 ,CEM00043497
  24344 ,USM00072677
  24080 ,AGM00060550
  24016 ,VMM00048914
  23960 ,CAM00071120
  23944 ,IDM00096075
  23912 ,FPM00091929
  23856 ,BGM00041950
  23672 ,BRM00081729
  23624 ,CHM00051156
  23552 ,ISM00040186
  23456 ,INM00042399
  23408 ,TDM00078967
  23392 ,USW00024035
  23328 ,PKM00041715
  23008 ,USW00012909
  22936 ,ITM00016045
  22872 ,USW00023177
  22680 ,USW00014927
  22640 ,NZM00093072
  22448 ,SXM00088968
  22408 ,CHM00051839
  22384 ,CHM00052602
  22320 ,USM00072424
  22312 ,ZAM00067743
  22208 ,PKM00041598
  22176 ,TUM00017196
  22080 ,MRM00061421
  22040 ,NLM00006235
  22016 ,BGM00041907
  22008 ,USM00072753
  21992 ,MLM00061272
  21960 ,IDM00096015
  21952 ,CHM00057067
  21912 ,NGM00061080
  21896 ,SAM00040400
  21888 ,USM00091170
  21752 ,CAM00071876
  21736 ,USM00072536
  21720 ,RQW00011607
  21672 ,USM00072641
  21664 ,RIM00013276
  21552 ,USM00072524
  21520 ,USM00072326
  21480 ,LYM00062124
  21472 ,USW00093812
  21296 ,IDM00096737
  21296 ,FPM00091945
  21240 ,VMM00048839
  21168 ,UZM00038606
  21160 ,USM00072408
  21144 ,GGM00037484
  21128 ,ZAM00067633
  21104 ,PKM00041594
  21000 ,USM00070381
  20832 ,USM00072666
  20752 ,IDM00096655
  20680 ,IDM00097192
  20600 ,USW00023041
  20600 ,MAM00067009
  20552 ,CHM00051848
  20528 ,INM00042103
  20528 ,BGM00041992
  20360 ,USM00072383
  20360 ,IDM00097120
  20288 ,IDM00097008
  20248 ,TSM00060735
  20120 ,LYM00062271
  20112 ,CAM00071892
  20040 ,NZM00093769
  19952 ,AGM00060419
  19864 ,TSM00060740
  19840 ,DAM00006030
  19736 ,USW00014708
  19672 ,TSM00060725
  19576 ,KEM00063619
  19480 ,USM00072264
  19448 ,TSM00060720
  19352 ,NIM00065046
  19248 ,USM00072773
  19248 ,IDM00097086
  19128 ,JAM00047881
  18952 ,USW00022004
  18824 ,ICM00004089
  18800 ,LYM00062103
  18744 ,PKM00041718
  18688 ,IDM00096881
  18648 ,MLM00061257
  18568 ,MPM00061988
  18456 ,KEM00063694
  18328 ,GMM00010454
  18216 ,CHM00051886
  18184 ,CHM00054539
  18160 ,USW00014839
  18144 ,CAM00071069
  17928 ,INM00042909
  17888 ,USM00072483
  17888 ,IDM00097460
  17784 ,INM00042056
  17752 ,MOM00060252
  17704 ,CAM00071627
  17696 ,USM00074001
  17536 ,AYM00089625
  17504 ,IRM00040856
  17488 ,RSM00032099
  17448 ,ZZM00099006
  17424 ,LYM00062062
  17416 ,USW00013780
  17296 ,AYM00089125
  17184 ,CHM00054776
  17144 ,USM00072457
  17056 ,LGM00026435
  17056 ,ASM00094234
  17024 ,TSM00060745
  16936 ,BGM00041943
  16920 ,USW00094881
  16912 ,POM00008507
  16832 ,CAM00071866
  16776 ,CHM00056004
  16760 ,MRM00061401
  16536 ,BCM00068032
  16464 ,TWM00046736
  16456 ,DAM00006180
  16408 ,USM00072546
  16352 ,USM00070291
  16344 ,USW00093822
  15848 ,CHM00050745
  15816 ,INM00042706
  15712 ,RIM00013388
  15608 ,CHM00051811
  15544 ,USM00072468
  15464 ,USM00072503
  15440 ,USW00013821
  15432 ,EZM00011518
  15424 ,USM00072297
  15320 ,GHM00065418
  15304 ,USW00094937
  15296 ,USW00023211
  15280 ,PKM00041768
  15256 ,USW00014896
  15176 ,USM00072537
  15048 ,NZM00093431
  14944 ,CYM00017603
  14880 ,USM00072401
  14808 ,USM00072256
  14776 ,CAM00071197
  14672 ,USW00024135
  14664 ,RSM00030636
  14656 ,USW00014771
  14640 ,MIM00067597
  14624 ,CHM00056046
  14608 ,PKM00041756
  14600 ,CHM00058321
  14568 ,CHM00057290
  14536 ,CAM00071932
  14520 ,CHM00051495
  14384 ,TTM00097388
  14360 ,USW00023068
  14296 ,CHM00051765
  14296 ,BGM00041859
  14272 ,MXM00076903
  14200 ,CEM00043413
  14200 ,AGM00060475
  14096 ,USW00013729
  14064 ,BMM00048062
  13976 ,USW00014711
  13976 ,AFM00040911
  13960 ,VMM00048870
  13960 ,CAM00071968
  13920 ,CAM00071861
  13920 ,AYM00089671
  13880 ,USW00013894
  13872 ,MAM00067085
  13864 ,USW00013882
  13848 ,USW00014751
  13816 ,CHM00053276
  13752 ,ITM00016420
  13688 ,PKM00041624
  13424 ,IDM00097096
  13416 ,ZAM00067475
  13416 ,USW00024220
  13296 ,ZZM00099013
  13264 ,CAM00071716
  13224 ,INM00043344
  13120 ,INM00042779
  13120 ,CHM00051628
  13096 ,NLM00006242
  13056 ,INM00042079
  13000 ,USW00014838
  12984 ,INM00042542
  12984 ,INM00042299
  12968 ,USW00024156
  12968 ,FRM00007255
  12928 ,GMM00010307
  12928 ,BOM00033036
  12856 ,AYM00089657
  12784 ,INM00043181
  12752 ,EGM00062366
  12752 ,CQM00091232
  12728 ,INM00043237
  12640 ,MRM00061497
  12640 ,MIM00067489
  12552 ,KSM00047161
  12544 ,USW00023131
  12536 ,MFM00067005
  12520 ,USM00074003
  12504 ,CEM00043418
  12464 ,CHM00053083
  12448 ,CAM00072918
  12432 ,IDM00097690
  12432 ,AGM00060430
  12408 ,USM00072394
  12352 ,MOM00060191
  12336 ,USW00014734
  12328 ,BLM00085201
  12176 ,CAM00071869
  12168 ,CHM00051334
  12160 ,USM00072306
  12160 ,USM00070204
  12096 ,USM00072465
  12088 ,USM00072533
  12072 ,USW00003955
  12072 ,TWM00046751
  12072 ,INM00042273
  12016 ,CHM00057411
  11984 ,UKM00003171
  11960 ,MIM00067423
  11952 ,USM00074207
  11936 ,USW00023043
  11880 ,AGM00060580
  11864 ,IVM00065592
  11792 ,IDM00096595
  11760 ,ZZM00099025
  11720 ,USW00013947
  11704 ,MBM00078925
  11632 ,NIM00065202
  11616 ,AGM00060402
  11592 ,USW00013924
  11552 ,WIM00060096
  11544 ,USM00072485
  11472 ,USM00072356
  11440 ,RSM00023074
  11432 ,USW00013977
  11416 ,CAM00071863
  11392 ,USM00072481
  11392 ,GMM00010633
  11296 ,HRM00013334
  11288 ,IDM00097686
  11264 ,USW00024016
  11264 ,USM00072557
  11224 ,USM00072636
  11136 ,USW00014920
  11104 ,PKM00041749
  11032 ,USW00022504
  10944 ,USW00013810
  10928 ,USW00014752
  10904 ,USW00094176
  10904 ,USW00093871
  10848 ,IZM00040648
  10752 ,USW00023155
  10712 ,RQW00011603
  10688 ,USM00072745
  10680 ,MRM00061403
  10656 ,USW00093821
  10648 ,RPM00098233
  10608 ,RSM00020047
  10608 ,PEM00084378
  10528 ,USW00024134
  10512 ,MZM00067297
  10488 ,PKXUAE05548
  10472 ,USM00074796
  10464 ,JAM00047963
  10408 ,CHM00050603
  10384 ,USM00072497
  10368 ,MKM00013586
  10288 ,CMM00064860
  10264 ,IDM00096535
  10248 ,USW00012824
  10200 ,USW00014834
  10200 ,USW00013836
  10184 ,CHM00056444
  10176 ,USW00014814
  10136 ,USM00074780
  10128 ,USW00014738
  10112 ,MLM00061233
  10064 ,COM00080259
  10040 ,WAM00068098
  10040 ,PPM00094087
  10016 ,RPM00098426
  10008 ,VEM00080450
   9936 ,IDM00097530
   9920 ,MLXUAAW1257
   9888 ,TTM00097390
   9856 ,WSM00091762
   9808 ,USW00013733
   9768 ,SFM00068438
   9768 ,MPM00061986
   9760 ,ODM00062840
   9736 ,MXM00076382
   9720 ,USM00074482
   9696 ,CHM00050834
   9656 ,ZIM00067977
   9536 ,TWM00046746
   9520 ,GVXUAAW1829
   9416 ,CHM00053502
   9368 ,USM00072238
   9360 ,USM00072224
   9352 ,USW00014703
   9336 ,USM00074695
   9288 ,USW00094763
   9200 ,VMM00048887
   9120 ,USW00014804
   9088 ,KSM00047118
   9064 ,USM00072263
   8984 ,CHM00051573
   8856 ,ZAM00067561
   8856 ,RPM00098836
   8856 ,CHM00055279
   8848 ,UKM00003917
   8840 ,ZAM00067441
   8840 ,CHM00051379
   8800 ,MOM00060230
   8792 ,CAM00071874
   8648 ,JAM00047772
   8632 ,ZIM00067975
   8616 ,TSM00060775
   8592 ,ASM00094205
   8576 ,MLXUAAW1265
   8568 ,UKM00003649
   8528 ,RPM00098322
   8488 ,GMM00010687
   8480 ,ZIM00067843
   8480 ,TSM00060738
   8472 ,ARM00087926
   8400 ,CHM00055578
   8352 ,TSM00060714
   8304 ,USM00070485
   8304 ,IDM00096781
   8240 ,RSM00034139
   8208 ,IDM00096607
   8192 ,USM00072257
   8184 ,USW00013820
   8184 ,TWM00059559
   8144 ,KSM00047142
   8096 ,CHM00054602
   8048 ,USW00024014
   8024 ,AGM00060607
   7960 ,KSM00047107
   7944 ,USW00023008
   7936 ,USW00013829
   7936 ,KEM00063714
   7928 ,USM00072225
   7888 ,WAM00068014
   7840 ,CHM00053529
   7808 ,KSM00047134
   7784 ,USM00091176
   7752 ,USM00072693
   7744 ,CHM00052737
   7728 ,TWM00046743
   7720 ,GMM00010404
   7648 ,MOM00060210
   7648 ,BMM00048053
   7640 ,NCM00091577
   7600 ,MOM00060115
   7584 ,SFM00068262
   7568 ,USM00074671
   7496 ,CNM00067001
   7480 ,USW00013835
   7472 ,CHM00054012
   7424 ,USW00023010
   7424 ,IZM00040689
   7416 ,TPM00061931
   7408 ,CHM00057297
   7384 ,KSM00047153
   7376 ,LYM00062019
   7368 ,CHM00054753
   7368 ,ARM00087934
   7360 ,USM00072575
   7360 ,NZM00093337
   7336 ,IDM00096529
   7336 ,GOM00061968
   7240 ,UKM00003377
   7240 ,CHM00057006
   7232 ,CHM00059838
   7232 ,CHM00053564
   7192 ,CHM00053487
   7160 ,SFM00068242
   7160 ,SAM00041140
   7144 ,NIM00065201
   7136 ,USW00023104
   7128 ,FRM00007630
   7072 ,USXUA026520
   7072 ,AGM00060535
   7024 ,CHM00051716
   6944 ,CAM00071145
   6936 ,USM00070270
   6936 ,AGM00060602
   6904 ,USW00013817
   6888 ,USW00013711
   6880 ,SUM00062760
   6856 ,PKM00041739
   6848 ,USW00023111
   6840 ,ZZM00099014
   6832 ,NIM00065125
   6800 ,MOM00060265
   6792 ,CHM00056172
   6768 ,USM00074531
   6768 ,TZM00063729
   6744 ,ROM00015200
   6744 ,INM00042189
   6688 ,PKM00041515
   6656 ,USW00093877
   6608 ,USW00013717
   6608 ,USW00012805
   6600 ,CHM00058040
   6576 ,AGM00060670
   6560 ,IDM00097760
   6552 ,USW00025325
   6528 ,USW00023103
   6520 ,USW00023052
   6504 ,USW00014761
   6504 ,USM00070489
   6504 ,INM00042260
   6504 ,CFM00064401
   6496 ,GHM00065472
   6496 ,EGM00062305
   6496 ,CHM00055228
   6480 ,CHM00056312
   6400 ,USW00013824
   6392 ,NUM00078741
   6368 ,USM00074755
   6360 ,AGM00060625
   6344 ,CEM00043424
   6336 ,ZZM00099015
   6320 ,ERM00063021
   6312 ,EUM00061972
   6296 ,CAM00071625
   6224 ,USW00073808
   6192 ,ZZM00099016
   6152 ,NOM00001492
   6144 ,USM00072591
   6144 ,INM00042798
   6120 ,USW00012904
   6104 ,ROM00015310
   6104 ,BRM00082930
   6080 ,USM00072344
   6072 ,USW00023001
   6024 ,USW00022502
   6016 ,FIM00002974
   5984 ,USW00013837
   5976 ,USW00012920
   5944 ,USW00023108
   5912 ,CHM00057193
   5904 ,KSM00047128
   5896 ,FRM00007354
   5864 ,MAM00067161
   5856 ,PKM00041571
   5848 ,RSM00032195
   5848 ,PEM00084416
   5840 ,USW00013920
   5824 ,TWM00046689
   5808 ,GMM00010513
   5784 ,USW00024163
   5784 ,KSI0000RKSC
   5776 ,USW00013850
   5760 ,USW00013839
   5744 ,USW00094750
   5720 ,USM00074790
   5704 ,IDM00096845
   5696 ,FPM00091941
   5696 ,BMM00048080
   5672 ,YMM00041344
   5664 ,USW00013712
   5624 ,USW00013822
   5616 ,USM00074792
   5608 ,CHM00053898
   5576 ,USW00013826
   5568 ,CAM00071121
   5560 ,BCM00068040
   5544 ,JAM00047898
   5536 ,VEM00080462
   5528 ,USW00013857
   5520 ,USM00074768
   5512 ,UKM00003023
   5504 ,CHM00050353
   5496 ,MLM00061214
   5488 ,SUM00062641
   5480 ,USW00013809
   5472 ,CHM00059658
   5448 ,USW00013930
   5424 ,ARM00087420
   5416 ,USW00013804
   5408 ,USW00014721
   5400 ,USW00012908
   5400 ,CHM00055472
   5376 ,ASXUA946505
   5352 ,UKM00003066
   5344 ,INM00042498
   5304 ,FJM00091650
   5296 ,USW00093917
   5296 ,USW00023214
   5208 ,USW00014725
   5200 ,NCM00091582
   5192 ,USW00013903
   5192 ,CHM00055696
   5168 ,ZIM00067867
   5160 ,USM00072222
   5144 ,CMM00064950
   5136 ,GMM00010034
   5096 ,EGM00062417
   5072 ,KEM00063766
   5056 ,USW00013933
   5056 ,USW00013833
   5040 ,BMM00048112
   5008 ,USW00013860
   5008 ,IRM00040821
   5000 ,USW00094941
   5000 ,USM00074631
   4968 ,USW00013904
   4944 ,BNXUAAW5331
   4928 ,USW00013710
   4920 ,USM00070267
   4896 ,USW00023021
   4880 ,AYXUAE05498
   4864 ,USW00024001
   4856 ,RSM00022165
   4848 ,USM00072409
   4848 ,SPM00008087
   4816 ,CHM00054423
   4784 ,TOM00065361
   4760 ,NZM00093677
   4760 ,JUM00061970
   4760 ,CHM00058911
   4760 ,CAM00071123
   4752 ,USW00013946
   4736 ,USW00023117
   4736 ,KEM00063793
   4720 ,SFM00068828
   4696 ,ZZM00099018
   4680 ,USW00013942
   4672 ,EGM00062405
   4648 ,TSM00060710
   4608 ,USW00023027
   4600 ,USW00014884
   4568 ,GMM00010610
   4528 ,USW00014709
   4528 ,MZM00067323
   4520 ,KEM00063737
   4504 ,AOM00066152
   4480 ,USW00013909
   4472 ,USI0000KRPD
   4464 ,USW00013935
   4464 ,PKM00041712
   4456 ,VMM00048877
   4448 ,REM00061984
   4448 ,CDM00064756
   4432 ,KEM00063710
   4416 ,USW00023006
   4416 ,USW00013916
   4392 ,CHM00056033
   4376 ,USW00012803
   4360 ,GLM00004231
   4344 ,CHM00056106
   4336 ,MRM00061498
   4328 ,CHM00055664
   4320 ,USW00013830
   4304 ,JAM00047624
   4280 ,CHM00057584
   4264 ,DRM00078467
   4256 ,TBM00078894
   4240 ,RSM00034866
   4224 ,CHM00052713
   4216 ,JAM00047684
   4208 ,IDM00096853
   4184 ,CHM00059046
   4184 ,CHM00059007
   4184 ,CHM00058527
   4184 ,AOM00066285
   4152 ,USW00023038
   4136 ,SUM00062650
   4128 ,ZIM00067765
   4128 ,ISM00040199
   4096 ,USW00094761
   4096 ,FRXUAC03602
   4088 ,USW00012814
   4080 ,NSM00081225
   4072 ,CHM00054836
   4064 ,PKM00041506
   4056 ,CAM00071843
   4040 ,AGM00060445
   4024 ,PKXUAE05801
   4024 ,EGM00062420
   4000 ,CHM00059417
   3992 ,USW00023110
   3992 ,GMM00010619
   3984 ,CHM00054094
   3960 ,USW00023031
   3960 ,KSM00047111
   3952 ,USW00013827
   3952 ,INXUAE05469
   3936 ,USW00013708
   3936 ,PKM00041620
   3928 ,USXUA724586
   3928 ,TNM00091792
   3928 ,JAM00047764
   3928 ,BMM00048008
   3912 ,ZIM00067781
   3872 ,USM00072436
   3848 ,PEM00084629
   3824 ,UKM00003414
   3824 ,CHM00056116
   3808 ,USW00013819
   3808 ,USW00013812
   3792 ,NUM00078730
   3784 ,MUXUAE05791
   3768 ,UKM00003257
   3728 ,PLM00012105
   3688 ,CHM00057799
   3680 ,UKM00003590
   3680 ,CHM00053231
   3672 ,SUM00062600
   3672 ,CHM00057662
   3672 ,CHM00052908
   3664 ,KEM00063820
   3616 ,USW00023207
   3600 ,USM00072581
   3600 ,SFM00068858
   3584 ,MOM00060107
   3584 ,CHM00057916
   3584 ,CAM00071124
   3568 ,LYM00062059
   3568 ,CNM00067002
   3544 ,ZIM00067991
   3544 ,USM00070027
   3544 ,GMM00010764
   3520 ,USW00013936
   3520 ,MRXUAAW1499
   3496 ,USW00013937
   3488 ,CDM00064753
   3480 ,AFM00040938
   3472 ,PEM00084752
   3472 ,MPM00061974
   3464 ,EGXUAE04956
   3456 ,USM00070409
   3448 ,EGM00062387
   3432 ,USW00013846
   3432 ,CHM00057902
   3384 ,USW00013923
   3368 ,USW00014710
   3368 ,USM00072455
   3360 ,INM00042328
   3336 ,SUM00062771
   3328 ,MLXUAAW1270
   3328 ,ITM00016037
   3328 ,FKM00088890
   3320 ,VEM00080444
   3320 ,USM00074754
   3312 ,KEM00063624
   3304 ,USM00072239
   3288 ,USW00013805
   3288 ,EGM00062432
   3280 ,FMM00091356
   3272 ,USM00072243
   3272 ,USM00070439
   3272 ,NLM00006210
   3272 ,BEM00006496
   3248 ,RPM00098645
   3248 ,MZM00067215
   3248 ,CHM00055773
   3248 ,AYM00088967
   3240 ,SUM00062730
   3232 ,PLM00012375
   3224 ,USW00012911
   3224 ,CMM00064893
   3216 ,THM00048357
   3192 ,UKM00003715
   3184 ,INM00042539
   3176 ,INM00042170
   3168 ,USW00024228
   3168 ,INM00042123
   3168 ,HOM00078721
   3160 ,USW00013811
   3152 ,USW00026414
   3152 ,CHM00051711
   3120 ,INM00042071
   3112 ,MAM00067025
   3112 ,LAM00048940
   3112 ,BMM00048108
   3104 ,LYM00062259
   3104 ,INXUAE05840
   3104 ,CHM00054027
   3096 ,USM00072268
   3072 ,AYW00057401
   3040 ,BGXUAE05797
   3024 ,USW00014712
   3016 ,CAM00071928
   3008 ,USW00014892
   3008 ,MZM00067283
   3000 ,JAM00047655
   2992 ,SGXUAAWO067
   2984 ,INXUAE05454
   2976 ,CHM00057237
   2968 ,USM00072352
   2952 ,INXUAE05457
   2952 ,BCM00068328
   2928 ,USW00013705
   2928 ,CHM00054115
   2912 ,IZM00040642
   2912 ,INM00042435
   2912 ,EGM00062435
   2904 ,CNM00067004
   2896 ,DJM00063125
   2888 ,INXUAE05466
   2848 ,FGM00081401
   2832 ,LYM00062176
   2816 ,USM00072244
   2792 ,TWM00046902
   2776 ,USW00026410
   2760 ,USW00023012
   2760 ,TZM00063832
   2744 ,USW00014719
   2720 ,LYM00062055
   2704 ,MAM00067143
   2696 ,INM00043284
   2688 ,INM00042840
   2680 ,AGM00060425
   2672 ,CHM00058754
   2672 ,CHM00058477
   2664 ,INXUAE05786
   2664 ,IDM00097876
   2632 ,USW00026608
   2624 ,CHM00057731
   2608 ,INM00043368
   2592 ,BRM00083361
   2584 ,TUM00017082
   2560 ,USW00013831
   2552 ,USW00012815
   2536 ,EGXUAE04951
   2528 ,PEM00084377
   2528 ,FRM00007690
   2520 ,GVXUAAW1809
   2520 ,CHM00059293
   2520 ,CHM00057265
   2504 ,CAM00071855
   2504 ,CAM00071569
   2496 ,USM00074630
   2488 ,USM00074574
   2488 ,LYM00062007
   2480 ,TUM00017195
   2480 ,CTM00064610
   2448 ,TUM00017300
   2440 ,POM00008554
   2432 ,USW00014924
   2432 ,NZM00093115
   2432 ,NOXUAE05479
   2432 ,FIXUAC00035
   2416 ,INXUAE05784
   2408 ,MZXUAE04824
   2400 ,USW00012802
   2344 ,KEM00063695
   2344 ,FRM00007190
   2336 ,BLM00085245
   2328 ,ZIM00067761
   2328 ,LYM00062131
   2328 ,EGXUAE04958
   2320 ,ZIM00067881
   2312 ,USM00074619
   2312 ,MOM00060195
   2312 ,CHM00059082
   2296 ,USM00072535
   2296 ,IDM00096565
   2296 ,CHM00052436
   2296 ,AYM00089051
   2280 ,CHM00056374
   2272 ,USW00013851
   2272 ,CMM00064931
   2264 ,USW00014702
   2256 ,MZXUAE5856A
   2248 ,USM00072414
   2240 ,USW00023019
   2216 ,USM00074618
   2200 ,USM00072781
   2192 ,MXM00076491
   2176 ,MOM00060127
   2160 ,USM00072792
   2152 ,ISM00040181
   2144 ,GVXUAAW1820
   2136 ,USM00074777
   2128 ,USW00023122
   2120 ,NOM00001030
   2112 ,USW00094925
   2112 ,USW00093170
   2104 ,USW00094775
   2104 ,USW00012863
   2096 ,FGM00081408
   2096 ,AGXUAE04843
   2088 ,GMM00010934
   2080 ,KSM00047131
   2072 ,MRM00061404
   2072 ,AEXUAE05467
   2056 ,USW00013856
   2056 ,BMM00048110
   2048 ,VMM00048864
   2024 ,PEM00084390
   2016 ,JNM00001005
   2008 ,USW00026618
   2008 ,MAM00067023
   1992 ,BEM00006400
   1984 ,THM00048381
   1976 ,POM00008545
   1968 ,USM00072421
   1960 ,VMM00048851
   1960 ,MZM00067261
   1952 ,USW00012901
   1952 ,INM00042895
   1952 ,AOM00066422
   1944 ,LYM00062161
   1928 ,MOM00060150
   1912 ,UKM00033966
   1904 ,INM00042452
   1880 ,USM00074641
   1872 ,HOW00011816
   1864 ,USW00024002
   1864 ,PUM00061766
   1856 ,SUXUAE04936
   1856 ,GMM00010659
   1848 ,SYM00040030
   1848 ,CTM00064600
   1840 ,CHM00056079
   1840 ,ARM00087938
   1832 ,ZIM00067853
   1832 ,USW00093963
   1832 ,MAM00067117
   1832 ,JAM00047938
   1816 ,CHM00059501
   1816 ,CHM00057932
   1792 ,USW00013907
   1792 ,HMM00094997
   1784 ,UKM00003162
   1784 ,MGM00044241
   1776 ,KEM00063799
   1760 ,PEM00084452
   1760 ,FRM00007602
   1752 ,USW00013855
   1736 ,GMM00010642
   1736 ,CHM00056951
   1728 ,MOXUAC00132
   1728 ,BMM00048094
   1712 ,VEM00080476
   1704 ,VEM00080419
   1704 ,USW00014903
   1704 ,LIM00065660
   1696 ,USW00023011
   1696 ,EGM00062318
   1688 ,USW00013943
   1680 ,JOM00040270
   1672 ,PEM00084691
   1672 ,ASM00094974
   1664 ,USM00074611
   1664 ,USM00072569
   1656 ,FRM00007130
   1648 ,ASM00094568
   1624 ,EGM00062332
   1616 ,USW00014853
   1616 ,USM00072683
   1608 ,USW00073807
   1608 ,USW00013814
   1608 ,CHM00058944
   1600 ,USW00023234
   1600 ,USW00013828
   1600 ,MAM00067157
   1600 ,CTM00064656
   1592 ,INM00043194
   1584 ,CHM00053546
   1576 ,USW00013838
   1568 ,USW00023030
   1568 ,MGM00044385
   1568 ,MGM00044218
   1560 ,USW00026508
   1536 ,MGM00044341
   1528 ,USW00013707
   1512 ,USW00013928
   1512 ,USM00072464
   1512 ,GMM00010419
   1504 ,SUM00062660
   1496 ,MZM00067217
   1480 ,LYM00062002
   1480 ,IDM00097146
   1472 ,CAM00071129
   1464 ,USW00014748
   1456 ,EGXUAE04946
   1448 ,IDM00096773
   1440 ,YMM00041404
   1440 ,AYXUA891755
   1432 ,USW00026509
   1432 ,GTM00078647
   1416 ,USW00003134
   1416 ,SUM00062805
   1416 ,GMXUAE05685
   1408 ,USW00024207
   1392 ,USM00072545
   1392 ,RSXUAE04778
   1384 ,USW00023126
   1360 ,USW00023206
   1360 ,USW00013859
   1360 ,CTM00064601
   1360 ,BFM00078107
   1352 ,RSM00024793
   1352 ,EGM00062463
   1352 ,BRM00083981
   1344 ,USW00093701
   1344 ,USW00026601
   1344 ,SUM00062640
   1344 ,EGXUAE04953
   1344 ,CTM00064654
   1320 ,USW00013792
   1320 ,ODM00062941
   1304 ,ISM00040191
   1304 ,BLM00085154
   1280 ,PEM00084401
   1272 ,CHM00050873
   1264 ,JAM00047696
   1264 ,AYXUAE05532
   1256 ,USW00013801
   1256 ,USW00003138
   1256 ,JAM00047604
   1232 ,USW00013715
   1232 ,NPM00044454
   1232 ,KEM00063686
   1224 ,VEM00080422
   1208 ,VMM00048858
   1208 ,RPM00098135
   1208 ,CGM00064210
   1200 ,VMM00048896
   1200 ,NIM00065123
   1200 ,MAM00067152
   1200 ,LYM00062056
   1200 ,CHM00056533
   1192 ,MGM00044239
   1192 ,FGM00081415
   1184 ,PAM00086068
   1176 ,THM00048456
   1176 ,MAM00067019
   1168 ,TSM00060780
   1168 ,MGM00044282
   1160 ,VMM00048852
   1152 ,YMM00041390
   1152 ,YMM00041360
   1152 ,UKM00003091
   1144 ,ZIM00067861
   1136 ,SLM00061856
   1120 ,ZZM00099223
   1120 ,USW00013927
   1112 ,KSM00047139
   1104 ,VQW00011602
   1104 ,KEM00063641
   1088 ,USW00093130
   1088 ,IZM00040608
   1080 ,PKM00041560
   1080 ,ARM00087157
   1080 ,AGM00060511
   1072 ,VEM00080415
   1072 ,USW00094730
   1072 ,USW00024101
   1072 ,USW00003835
   1072 ,GMM00010122
   1056 ,MOM00060185
   1056 ,INM00042543
   1048 ,ZIM00067869
   1048 ,USM00072566
   1048 ,CHM00057707
   1040 ,UKM00003559
   1032 ,USM00074479
   1032 ,USM00072480
   1032 ,ARM00087827
   1024 ,USW00022505
   1024 ,INM00042382
   1024 ,CHXUAE04856
   1016 ,ROM00015150
   1016 ,ROM00015010
   1008 ,VMM00048902
   1008 ,BRM00083236
   1000 ,USM00072281
   1000 ,RSM00037099
   1000 ,FRM00007680
   1000 ,ASM00094970
    992 ,KTM00096995
    984 ,MGM00044272
    984 ,MAM00067137
    968 ,EGXUAE04974
    960 ,VEM00080407
    960 ,STM00078949
    960 ,LAM00048955
    960 ,BRM00083063
    952 ,CHM00052391
    936 ,USW00023132
    936 ,INXUAE05462
    928 ,TZM00063862
    928 ,KZM00038001
    920 ,VEM00080425
    920 ,LQM00091385
    920 ,INXUAE05834
    920 ,CGM00064220
    912 ,CHXUAC03995
    904 ,USW00003143
    904 ,MAM00067131
    896 ,USW00013718
    896 ,USW00012811
    896 ,SUM00062770
    896 ,CMM00064900
    888 ,USW00022514
    880 ,USW00045703
    872 ,VEM00080435
    864 ,TTM00097385
    864 ,BCM00068244
    856 ,INM00042734
    856 ,GMXUAC00001
    856 ,CVM00008589
    856 ,CFM00064453
    856 ,CAXUAE04875
    848 ,SYM00040022
    848 ,SPM00008433
    840 ,SWM00002515
    840 ,INXUAE05794
    840 ,IDM00096801
    840 ,ETM00063478
    832 ,USW00093756
    832 ,USW00021502
    824 ,INXUAE05796
    816 ,USW00094922
    816 ,USM00074392
    816 ,ESM00078663
    816 ,COM00080337
    816 ,CHM00056462
    808 ,USW00012881
    808 ,ROM00015410
    800 ,KSM00047101
    784 ,MXM00076833
    784 ,CHM00054714
    776 ,USM00072216
    776 ,JOM00040255
    768 ,USW00024203
    768 ,INXUAE05431
    768 ,BLXUAE04835
    760 ,THM00048426
    744 ,USM00072267
    744 ,CHM00056779
    744 ,BPM00091541
    744 ,BGXUAE05433
    744 ,AYM00089522
    736 ,KSM00047129
    728 ,USW00013825
    728 ,USM00072462
    728 ,LYM00062016
    728 ,FIXUAE05525
    728 ,BCM00068054
    720 ,ROM00015014
    720 ,IZM00040676
    720 ,GTM00078637
    720 ,BXM00096323
    712 ,VEM00080410
    712 ,USM00072548
    704 ,HUM00012812
    704 ,CUXUAE04834
    688 ,ZIM00067775
    688 ,USW00023213
    688 ,USW00014755
    688 ,RMM00091258
    688 ,LAM00048947
    688 ,KEM00063720
    680 ,USW00024110
    680 ,PKM00041710
    680 ,EGXUAE04950
    672 ,USW00026401
    672 ,USW00023188
    672 ,JOM00040310
    672 ,CFM00064459
    672 ,AJM00037936
    664 ,ROM00015145
    664 ,IDM00096947
    656 ,USW00012902
    656 ,USM00072563
    656 ,INXUAE05800
    656 ,FIXUAE05507
    648 ,ZZXUAE04977
    648 ,JAM00047810
    648 ,INXUAE05449
    632 ,USW00023109
    632 ,USW00013815
    624 ,ROM00015302
    616 ,VMM00048849
    616 ,ICXUAE05425
    616 ,BMM00048109
    608 ,USW00014716
    608 ,TZM00063932
    608 ,MAM00067113
    608 ,FIXUAE05526
    608 ,BRM00082287
    608 ,AJM00037735
    600 ,USW00022002
    600 ,USW00014722
    592 ,PFM00048860
    592 ,GMM00010639
    592 ,CAXUAE04876
    584 ,FPM00091946
    584 ,FMM00091434
    576 ,USW00023136
    576 ,TZM00063844
    568 ,ROM00015090
    568 ,PKM00041744
    568 ,NHM00091554
    568 ,EGXUAE04942
    560 ,PKM00041764
    552 ,USM00072777
    552 ,MAM00067017
    544 ,USW00003123
    544 ,NSM00081251
    544 ,BMM00048096
    544 ,AGM00060355
    536 ,USM00072475
    536 ,PKM00041685
    536 ,FPM00091902
    536 ,CAM00071893
    528 ,ZZM00099276
    528 ,USW00023139
    528 ,PKM00041678
    512 ,USW00012825
    512 ,TTM00097395
    512 ,SBM00071805
    512 ,NIM00065082
    512 ,LAM00048930
    504 ,THM00048379
    504 ,JAM00047850
    504 ,CHM00053420
    496 ,RPM00098653
    496 ,ODM00062880
    488 ,USW00023178
    488 ,USM00074778
    488 ,CHM00051895
    480 ,PKM00041600
    472 ,VEM00080421
    472 ,USW00012819
    472 ,TZM00063887
    472 ,TUM00017022
    472 ,MUM00041288
    472 ,CAXUAC03491
    472 ,AOM00066390
    464 ,PKXUAE05835
    456 ,USM00072514
    456 ,MAM00067012
    448 ,USW00012880
    440 ,USW00013719
    440 ,TZM00063791
    440 ,LYM00062120
    440 ,ICXUAE05424
    432 ,USW00013905
    432 ,USW00012810
    432 ,USM00074693
    432 ,JAM00047727
    432 ,AQW00061704
    424 ,USM00072783
    424 ,ROM00015260
    424 ,ITXUAC00012
    424 ,CHM00054843
    424 ,CHM00054534
    416 ,ROM00015450
    416 ,ROM00015230
    416 ,AYM00089601
    408 ,NIM00065257
    400 ,USW00012914
    400 ,ROM00015247
    400 ,NSM00081253
    400 ,MAM00067072
    400 ,CHM00054339
    392 ,CEM00043421
    392 ,BLXUAE04841
    384 ,ROM00015080
    384 ,PEM00084515
    384 ,BRM00082640
    376 ,VMM00048867
    376 ,USW00023140
    376 ,USM00072767
    376 ,NSM00081202
    376 ,KRM00091487
    368 ,VEM00080453
    368 ,USW00014726
    368 ,UGM00063654
    368 ,MXM00076370
    368 ,BRM00082579
    360 ,USW00093204
    360 ,RPM00098630
    360 ,BLXUAE04836
    352 ,USW00023102
    352 ,USW00022003
    352 ,RMM00091371
    352 ,JAM00047855
    344 ,USXUA724755
    344 ,ROM00015300
    344 ,PLXUAC03751
    344 ,FIXUAE05520
    344 ,BRM00083096
    344 ,AJM00037895
    344 ,AJM00037575
    336 ,USW00014704
    328 ,USM00074505
    328 ,KEM00063717
    328 ,BRM00082975
    328 ,AYW00067401
    328 ,AGM00060640
    320 ,USW00014723
    320 ,RSXUAE04636
    320 ,POM00008549
    320 ,MAM00067194
    320 ,ECM00084111
    320 ,AYW00067402
    312 ,ROM00015350
    312 ,RMM00091254
    312 ,BLM00085041
    312 ,AGM00060678
    304 ,USW00026635
    304 ,UKXUAC03371
    304 ,INXUAE05832
    304 ,INM00042416
    304 ,IDM00096207
    296 ,UGM00063674
    296 ,TIM00038599
    296 ,GLXUA042705
    296 ,BRM00082586
    288 ,SYM00040039
    288 ,JAM00047884
    288 ,GGM00037395
    280 ,ZAM00067581
    280 ,USM00074614
    280 ,SUM00062680
    280 ,KSM00047123
    272 ,USM00074544
    272 ,INXUAE05455
    264 ,UPM00033506
    264 ,INXUAE05822
    264 ,INM00042516
    264 ,BRM00082784
    256 ,USW00023151
    256 ,TZM00063756
    256 ,INXUAC03369
    256 ,AOM00066318
    248 ,ZZM00099286
    248 ,VMXUAC03992
    248 ,SPM00008084
    248 ,ROM00015023
    248 ,NSM00081250
    248 ,GMXUAE05751
    248 ,FRM00007222
    248 ,BRM00083182
    248 ,BLM00085268
    248 ,BGXUAC03368
    240 ,VMM00048913
    240 ,SYM00040001
    232 ,THM00048532
    232 ,MOM00060101
    232 ,CAM00071851
    232 ,ASM00094723
    232 ,ARM00088946
    224 ,JAM00047688
    224 ,GMXUAC00006
    224 ,ESM00078650
    224 ,CHXUAE04858
    224 ,AGM00060686
    216 ,VEM00080448
    216 ,USW00024206
    216 ,SUM00062772
    216 ,SUM00062752
    216 ,MXM00076713
    216 ,INM00042970
    216 ,ASXUA942005
    208 ,USM00070194
    208 ,JAM00047787
    200 ,USXUAC03671
    200 ,USW00026605
    200 ,ASM00095607
    192 ,UGM00063684
    192 ,MXM00076549
    192 ,CAM00071450
    184 ,SUM00062781
    184 ,SUM00062751
    184 ,SEM00063995
    184 ,RQW00011611
    184 ,GMXUAE05645
    176 ,USW00012915
    176 ,CHM00052313
    168 ,RSM00027331
    168 ,POM00008535
    168 ,AYM00089557
    160 ,USXUAC03522
    160 ,USW00026636
    160 ,NSM00081209
    160 ,IDM00096273
    160 ,FIXUAE05506
    152 ,USW00093062
    152 ,RMXUA912505
    152 ,JNM00001020
    152 ,FRXUAE05723
    152 ,FIXUAE05513
    152 ,BRM00082993
    152 ,AJM00037747
    144 ,BRM00082571
    136 ,SPM00008140
    136 ,PLXUAE05764
    136 ,PKM00041516
    136 ,BRM00083576
    136 ,BRM00082791
    128 ,USM00072515
    128 ,GBM00064510
    128 ,FRM00007603
    128 ,FMM00091317
    120 ,USXUAC03540
    120 ,USM00072412
    120 ,SPM00008314
    120 ,SPM00008202
    120 ,ROM00015490
    120 ,INXUAE05798
    120 ,GMXUAC00002
    120 ,FRM00007412
    120 ,CEM00043475
    120 ,CAXUAE04878
    120 ,ASM00094259
    112 ,USM00074638
    112 ,TZM00063866
    112 ,SPM00008055
    112 ,ROM00015360
    112 ,CAM00071621
    112 ,ASM00094266
    104 ,USM00072639
    104 ,TZM00063818
    104 ,RSM00026065
    104 ,GLXUAC03509
    104 ,CHM00059137
    104 ,ASM00094773
     96 ,UGM00063658
     96 ,TZM00063801
     96 ,RSXUAC00073
     96 ,RSM00037050
     96 ,IVM00065528
     96 ,HUM00012942
     96 ,CTM00064665
     96 ,BMM00048060
     96 ,ARM00087596
     96 ,ARM00087585
     96 ,AOXUAE05971
     88 ,USM00072351
     88 ,RSXUAC00075
     88 ,NOXUAC04176
     88 ,GLXUAC03499
     88 ,FRM00007434
     88 ,FRM00007280
     88 ,BRM00083344
     88 ,BLXUAE04838
     88 ,AYM00089593
     80 ,UGM00063702
     80 ,ROM00015235
     80 ,FRM00007607
     72 ,PKM00041696
     72 ,NOXUAC04178
     72 ,ITXUAC00013
     72 ,INXUAE05473
     72 ,GGM00037409
     72 ,FRM00007627
     72 ,CHM00057633
     64 ,RSM00022768
     64 ,RSM00020357
     64 ,RMM00091369
     64 ,GHM00065467
     64 ,FRM00007577
     64 ,FRM00007265
     64 ,FRM00007070
     64 ,CAM00071524
     64 ,AMM00037686
     56 ,RSM00029846
     48 ,NHM00091568
     48 ,KZM00035188
     48 ,FRM00007005
     40 ,PKM00041759
     40 ,ASM00094703
     32 ,GLXUAE05845
